{
  "name": "Amazon Prime Video",
  "plugin": "plugin.video.xship",
  "priority": 100,
  "provider": "Amazon Prime Video",
  "is_resolvable": "true",
  "assert": {
    "play_movie": ["title", "year"],
    "play_episode": ["showname", "season", "episode"],
    "search_movie": ["title"],
    "search_episode": ["showname"]
  },
  "play_movie": [
    "plugin://plugin.video.xstream/?site=filmpalast&amp;function=showSearch&amp;title=Search&amp;trumb=&amp;trumb=%2Fstorage%2Femulated%2F0%2FAndroid%2Fdata%2Forg.xbmc.kodi%2Ffiles%2F.kodi%2Faddons%2Fplugin.video.xstream%2Fresources%2Fart%2Fsites%2Ffilmpalast.png&amp;sUrl=https%3A%2F%2Ffilmpalast.to,return",
    {"keyboard": "{title}"},
    {"label": "(?i).*{title}.*", "year": "{year}"}
  ],
  "search_movie": [
    "plugin://plugin.video.xstream/?site=filmpalast&amp;function=showSearch&amp;title=Search&amp;trumb=&amp;trumb=%2Fstorage%2Femulated%2F0%2FAndroid%2Fdata%2Forg.xbmc.kodi%2Ffiles%2F.kodi%2Faddons%2Fplugin.video.xstream%2Fresources%2Fart%2Fsites%2Ffilmpalast.png&amp;sUrl=https%3A%2F%2Ffilmpalast.to,return",
    {"keyboard": "{title}"}
  ],
  
