{
  "name": "Serienstream (XStream)",
  "plugin": "plugin.video.xstream",
  "priority": 100,
  "provider": "Serienstream.to",
  "is_resolvable": "true",
  "assert": {
    "play_movie": ["title", "year"],
    "play_episode": ["showname", "season", "episode"],
    "search_movie": ["title"],
    "search_episode": ["showname"]
  },
  "play_movie": [
    "plugin://plugin.video.xstream/?site=serienstream&function=showSearch",
    {"keyboard": "{title}"},
    {"label": "(?i).*{title}.*", "year": "{year}"}
  ],
  "play_episode": [
    "plugin://plugin.video.xstream/?site=serienstream&function=showSearch",
    {"keyboard": "{showname}"},
    {"label": "(?i).*{showname}.*"},
    {"season": "{season}"},
    {"season": "{season}", "episode": "{episode}"}
  ],
  "search_movie": [
    "plugin://plugin.video.xstream/?site=serienstream&function=showSearch",
    {"keyboard": "{title}"}
  ],
  "search_episode": [
    "plugin://plugin.video.xstream/?site=serienstream&function=showSearch",
    {"keyboard": "{showname}"}
  ]
}
