{
  "name": "Amazon Prime Video",
  "plugin": "plugin.video.xship",
  "priority": 100,
  "provider": "Amazon Prime Video",
  "is_resolvable": "true",
  "assert": {
    "play_movie": ["title", "year"],
    "play_episode": ["showname", "season", "episode"],
    "search_movie": ["title"],
    "search_episode": ["showname"]
  },
  "play_movie": [
    "plugin://plugin.video.xship/?action=moviesSearch,return",
    {"keyboard": "{title}"},
    {"label": "(?i).*{title}.*", "year": "{year}"}
  ],
  "play_episode": [
    "plugin://plugin.video.xship/?action=tvSearch,return",
    {"keyboard": "{showname}"},
    {"label": "(?i).*{showname}.*"},
    {"return": "true", "season": "{season}", "episode": "{episode}"},
    {"season": "{season}"},
    {"season": "{season}", "episode": "{episode}"}
  ],
  "search_movie": [
    "plugin://plugin.video.xship/?action=moviesSearch,return",
    {"keyboard": "{title}"}
  ],
  "search_episode": [
    "plugin://plugin.video.xship/?action=tvSearch,return",
    {"keyboard": "{showname}"}
  ]
}
